datetime,aod,PM2.5,PM10,HFLUX,PBLH,QLML,SPEED,TLML
2025-01-02 06:30:00,0.094660684466362,77.0,143.0,154.09642028808594,971.8314819335938,0.003878967836499214,1.3347188234329224,294.7254333496094
2025-01-02 07:30:00,0.09035392105579376,46.0,91.0,141.9473876953125,1292.3260498046875,0.003992460668087006,2.127344846725464,296.82061767578125
2025-01-02 08:30:00,0.11238515377044678,35.0,65.0,112.54824829101562,1293.8089599609375,0.004246223717927933,2.6739158630371094,297.57257080078125
2025-01-03 05:30:00,0.04043689742684364,33.0,109.0,135.88510131835938,881.7810668945312,0.004955519922077656,3.711090564727783,295.0430603027344
2025-01-03 06:30:00,0.08272220194339752,36.0,107.0,165.95648193359375,999.2841796875,0.005022196564823389,3.9384472370147705,296.5671081542969
2025-01-03 06:30:00,0.08901336044073105,51.0,104.0,165.95648193359375,999.2841796875,0.005022196564823389,3.9384472370147705,296.5671081542969
2025-01-03 08:30:00,0.12582233548164368,32.0,81.0,123.50698852539062,1084.7659912109375,0.005161507520824671,3.2356021404266357,297.89996337890625
2025-01-04 06:30:00,0.09815531224012375,27.0,73.0,160.8571319580078,860.1619873046875,0.004956449847668409,2.2268805503845215,296.4097595214844
2025-01-04 07:30:00,0.10489652305841446,26.0,69.0,152.36663818359375,885.8925170898438,0.004897176753729582,1.9368290901184082,297.451416015625
2025-01-04 07:30:00,0.07537836581468582,15.0,56.0,152.36663818359375,885.8925170898438,0.004897176753729582,1.9368290901184082,297.451416015625
2025-01-04 08:30:00,0.0725574940443039,15.0,58.0,112.10073852539062,918.0675048828125,0.0047673629596829414,1.492658019065857,298.30633544921875
2025-01-04 08:30:00,0.12343569099903107,19.0,62.0,112.10073852539062,918.0675048828125,0.0047673629596829414,1.492658019065857,298.30633544921875
2025-01-05 06:30:00,0.6770387887954712,68.0,121.0,103.58198547363281,586.8865966796875,0.006124591920524836,3.850829839706421,294.5947265625
2025-01-05 07:30:00,1.1724555492401123,60.0,124.0,79.48258972167969,745.6181030273438,0.005632942076772451,3.3103466033935547,295.9893493652344
2025-01-06 06:30:00,0.25912296772003174,32.0,75.0,167.09124755859375,1721.1068115234375,0.005833065137267113,2.1136200428009033,295.89495849609375
2025-01-06 07:30:00,0.25792017579078674,32.0,71.0,168.89622497558594,1818.5902099609375,0.005966201890259981,2.620739698410034,296.6012268066406
2025-01-06 07:30:00,0.263385534286499,31.0,64.0,168.89622497558594,1818.5902099609375,0.005966201890259981,2.620739698410034,296.6012268066406
2025-01-06 08:30:00,0.29672107100486755,32.0,67.0,136.96090698242188,1958.5640869140625,0.006106941029429436,2.999546527862549,297.08349609375
2025-01-06 08:30:00,0.3042806386947632,33.0,74.0,136.96090698242188,1958.5640869140625,0.006106941029429436,2.999546527862549,297.08349609375
2025-01-07 06:30:00,0.26247644424438477,62.0,90.0,215.34202575683594,1194.3580322265625,0.005109222140163183,2.2096335887908936,291.76007080078125
2025-01-07 07:30:00,0.24585548043251038,60.0,85.0,212.47067260742188,1299.845458984375,0.004695136100053787,2.7122931480407715,292.59326171875
2025-01-07 07:30:00,0.26423466205596924,49.0,75.0,212.47067260742188,1299.845458984375,0.004695136100053787,2.7122931480407715,292.59326171875
2025-01-07 08:30:00,0.23360174894332886,41.0,73.0,174.2693328857422,1392.3297119140625,0.004400992766022682,3.1107654571533203,293.1566467285156
2025-01-08 05:30:00,0.10544542968273163,62.0,109.0,195.49478149414062,648.3450927734375,0.004570284858345985,1.402672529220581,288.72039794921875
2025-01-08 06:30:00,0.14645154774188995,62.0,113.0,223.5504608154297,773.841064453125,0.004418221767991781,1.8337628841400146,290.3022155761719
2025-01-08 07:30:00,0.17748677730560303,64.0,119.0,211.70989990234375,910.141845703125,0.004301182925701141,1.8797178268432617,291.6851806640625
2025-01-08 07:30:00,0.1710433065891266,57.0,113.0,211.70989990234375,910.141845703125,0.004301182925701141,1.8797178268432617,291.6851806640625
2025-01-08 08:30:00,0.17370575666427612,56.0,108.0,164.3948516845703,970.2372436523438,0.004163496196269989,1.6380690336227417,292.75506591796875
2025-01-08 08:30:00,0.15020984411239624,52.0,95.0,164.3948516845703,970.2372436523438,0.004163496196269989,1.6380690336227417,292.75506591796875
2025-01-09 05:30:00,0.1503138244152069,71.0,115.0,184.02642822265625,805.76806640625,0.004326680675148964,4.48956298828125,291.7171936035156
2025-01-09 06:30:00,0.1868552565574646,69.0,112.0,207.6249542236328,960.6607666015625,0.004061044193804264,4.176238059997559,293.31011962890625
2025-01-09 06:30:00,0.16003480553627014,59.0,106.0,207.6249542236328,960.6607666015625,0.004061044193804264,4.176238059997559,293.31011962890625
2025-01-09 07:30:00,0.200875923037529,58.0,93.0,194.55389404296875,1103.8187255859375,0.003840872785076499,3.8280725479125977,294.5968933105469
2025-01-09 07:30:00,0.16447515785694122,52.0,81.0,194.55389404296875,1103.8187255859375,0.003840872785076499,3.8280725479125977,294.5968933105469
2025-01-09 08:30:00,0.17774924635887146,51.0,82.0,148.45652770996094,1225.2071533203125,0.0036877403035759926,3.512312412261963,295.5498352050781
2025-01-09 08:30:00,0.21444155275821686,49.0,84.0,148.45652770996094,1225.2071533203125,0.0036877403035759926,3.512312412261963,295.5498352050781
2025-01-10 05:30:00,0.14040695130825043,57.0,107.0,176.74807739257812,923.5267333984375,0.004175269976258278,4.98420524597168,292.4302673339844
2025-01-10 06:30:00,0.18725121021270752,57.0,106.0,191.79290771484375,1322.5997314453125,0.0037397188134491444,4.528327941894531,294.8134460449219
2025-01-10 06:30:00,0.2744694948196411,54.0,104.0,191.79290771484375,1322.5997314453125,0.0037397188134491444,4.528327941894531,294.8134460449219
2025-01-10 07:30:00,0.2503238916397095,53.0,97.0,184.3473358154297,1490.6461181640625,0.003631301922723651,4.269339084625244,295.9246520996094
2025-01-10 07:30:00,0.37482091784477234,45.0,80.0,184.3473358154297,1490.6461181640625,0.003631301922723651,4.269339084625244,295.9246520996094
2025-01-10 08:30:00,0.3329077363014221,45.0,76.0,142.32460021972656,1650.70849609375,0.003557241288945079,4.0338921546936035,296.63800048828125
2025-01-10 08:30:00,0.3672923743724823,40.0,67.0,142.32460021972656,1650.70849609375,0.003557241288945079,4.0338921546936035,296.63800048828125
2025-01-12 06:30:00,1.5860159397125244,47.0,115.0,190.735107421875,1608.8394775390625,0.008307700045406818,2.6454458236694336,294.18756103515625
2025-01-12 08:30:00,1.2650452852249146,107.0,115.0,142.52017211914062,2037.8238525390625,0.008067839778959751,3.7263498306274414,295.1449890136719
2025-01-13 06:30:00,0.6719087958335876,77.0,89.0,221.4867706298828,1400.1217041015625,0.0039999401196837425,1.3246901035308838,291.1241760253906
2025-01-13 06:30:00,0.5374206900596619,81.0,96.0,221.4867706298828,1400.1217041015625,0.0039999401196837425,1.3246901035308838,291.1241760253906
2025-01-13 07:30:00,0.43968144059181213,81.0,95.0,215.10035705566406,1526.6268310546875,0.003741989843547344,1.3175100088119507,292.058837890625
2025-01-13 07:30:00,0.4072593152523041,79.0,93.0,215.10035705566406,1526.6268310546875,0.003741989843547344,1.3175100088119507,292.058837890625
2025-01-13 08:30:00,0.36217954754829407,72.0,95.0,174.14320373535156,1573.136474609375,0.003553798422217369,1.375315546989441,292.7595520019531
2025-01-13 08:30:00,0.35006216168403625,82.0,101.0,174.14320373535156,1573.136474609375,0.003553798422217369,1.375315546989441,292.7595520019531
2025-01-14 05:30:00,0.3277272880077362,84.0,132.0,173.87051391601562,1343.125732421875,0.004863547161221504,2.5323379039764404,290.88360595703125
2025-01-14 06:30:00,0.4082711637020111,82.0,130.0,183.9077606201172,1516.6248779296875,0.0053156702779233456,1.2585299015045166,292.69903564453125
2025-01-14 06:30:00,0.399603009223938,71.0,125.0,183.9077606201172,1516.6248779296875,0.0053156702779233456,1.2585299015045166,292.69903564453125
2025-01-14 07:30:00,0.39861994981765747,69.0,117.0,177.80947875976562,1875.6021728515625,0.006021392066031694,2.223024606704712,294.59136962890625
2025-01-14 07:30:00,0.44244852662086487,56.0,97.0,177.80947875976562,1875.6021728515625,0.006021392066031694,2.223024606704712,294.59136962890625
2025-01-14 08:30:00,0.43388068675994873,56.0,93.0,143.1865692138672,1931.5953369140625,0.006248059682548046,2.640956401824951,295.4104309082031
2025-01-14 08:30:00,0.42116183042526245,54.0,84.0,143.1865692138672,1931.5953369140625,0.006248059682548046,2.640956401824951,295.4104309082031
2025-01-15 07:30:00,1.3685201406478882,60.0,117.0,163.121337890625,1826.46728515625,0.008179771713912487,3.3064792156219482,296.6874694824219
2025-01-18 06:30:00,0.33339548110961914,65.0,132.0,201.686767578125,1622.79541015625,0.008163264952600002,0.4943331182003021,294.2130126953125
2025-01-18 07:30:00,0.359157532453537,63.0,128.0,194.75172424316406,1741.3011474609375,0.007787211798131466,0.47486352920532227,295.35198974609375
2025-01-18 07:30:00,0.33337458968162537,56.0,121.0,194.75172424316406,1741.3011474609375,0.007787211798131466,0.47486352920532227,295.35198974609375
2025-01-18 08:30:00,0.3413172960281372,48.0,101.0,158.076171875,1866.7880859375,0.007504770997911692,0.5405000448226929,296.11676025390625
2025-01-19 05:30:00,0.14187707006931305,37.0,79.0,153.15380859375,1665.12060546875,0.006654717493802309,0.5705422163009644,296.0521240234375
2025-01-19 06:30:00,0.17712146043777466,37.0,78.0,189.79837036132812,1749.1160888671875,0.006154925562441349,1.458111047744751,297.3986511230469
2025-01-19 06:30:00,0.16222934424877167,38.0,76.0,189.79837036132812,1749.1160888671875,0.006154925562441349,1.458111047744751,297.3986511230469
2025-01-19 07:30:00,0.21862809360027313,37.0,73.0,189.54727172851562,1879.63232421875,0.00595448212698102,1.7068027257919312,298.1434020996094
2025-01-19 07:30:00,0.2626354396343231,30.0,67.0,189.54727172851562,1879.63232421875,0.00595448212698102,1.7068027257919312,298.1434020996094
2025-01-19 08:30:00,0.26131314039230347,30.0,67.0,151.01828002929688,1974.6268310546875,0.0058170040138065815,1.2373051643371582,298.58416748046875
2025-01-19 08:30:00,0.24832826852798462,30.0,69.0,151.01828002929688,1974.6268310546875,0.0058170040138065815,1.2373051643371582,298.58416748046875
2025-01-20 06:30:00,0.24408157169818878,38.0,87.0,201.77365112304688,1436.7437744140625,0.0074475668370723724,1.8921796083450317,297.41790771484375
2025-01-20 06:30:00,0.2509291172027588,36.0,79.0,201.77365112304688,1436.7437744140625,0.0074475668370723724,1.8921796083450317,297.41790771484375
2025-01-20 07:30:00,0.27024713158607483,35.0,76.0,198.5376434326172,1571.264892578125,0.0073178913444280624,2.04398775100708,298.3253479003906
2025-01-20 07:30:00,0.28401419520378113,34.0,68.0,198.5376434326172,1571.264892578125,0.0073178913444280624,2.04398775100708,298.3253479003906
2025-01-20 08:30:00,0.2512132525444031,34.0,68.0,159.6461639404297,1675.7734375,0.007186341565102339,2.118755578994751,298.9904479980469
2025-01-20 08:30:00,0.1899181604385376,34.0,69.0,159.6461639404297,1675.7734375,0.007186341565102339,2.118755578994751,298.9904479980469
2025-01-21 06:30:00,0.19931882619857788,50.0,99.0,198.1011962890625,1667.518798828125,0.007314783986657858,0.8512349128723145,297.4519348144531
2025-01-21 06:30:00,0.2229582816362381,42.0,89.0,198.1011962890625,1667.518798828125,0.007314783986657858,0.8512349128723145,297.4519348144531
2025-01-21 07:30:00,0.22256015241146088,42.0,87.0,197.67462158203125,1758.0089111328125,0.0071165598928928375,1.1651993989944458,298.32464599609375
2025-01-21 07:30:00,0.3028162717819214,42.0,84.0,197.67462158203125,1758.0089111328125,0.0071165598928928375,1.1651993989944458,298.32464599609375
2025-01-21 08:30:00,0.248299703001976,41.0,81.0,161.56497192382812,1835.49951171875,0.007015491370111704,1.3005595207214355,298.93621826171875
2025-01-21 08:30:00,0.21791225671768188,34.0,75.0,161.56497192382812,1835.49951171875,0.007015491370111704,1.3005595207214355,298.93621826171875
2025-01-22 06:30:00,0.2147400826215744,52.0,99.0,208.06259155273438,1728.338134765625,0.0063413530588150024,3.092017412185669,297.5362854003906
2025-01-22 07:30:00,0.23319879174232483,52.0,101.0,209.426513671875,1954.86962890625,0.006306866649538279,3.524773359298706,298.3153076171875
2025-01-22 07:30:00,0.2560926377773285,53.0,105.0,209.426513671875,1954.86962890625,0.006306866649538279,3.524773359298706,298.3153076171875
2025-01-22 08:30:00,0.18635404109954834,52.0,100.0,171.43338012695312,1985.4205322265625,0.00627060467377305,3.7254765033721924,298.8694763183594
2025-01-22 08:30:00,0.22018951177597046,43.0,88.0,171.43338012695312,1985.4205322265625,0.00627060467377305,3.7254765033721924,298.8694763183594
2025-01-23 05:30:00,0.3718600869178772,97.0,174.0,167.93191528320312,1369.19384765625,0.007042164448648691,3.0740597248077393,296.18707275390625
2025-01-23 07:30:00,0.5027315616607666,53.0,111.0,214.20089721679688,1875.233154296875,0.0067297122441232204,4.321725368499756,298.2845764160156
2025-01-23 07:30:00,0.4530269503593445,52.0,113.0,214.20089721679688,1875.233154296875,0.0067297122441232204,4.321725368499756,298.2845764160156
2025-01-23 08:30:00,0.41484105587005615,51.0,107.0,177.20346069335938,2114.77294921875,0.006688037887215614,4.785355567932129,298.91278076171875
2025-01-23 08:30:00,0.4537736177444458,41.0,92.0,177.20346069335938,2114.77294921875,0.006688037887215614,4.785355567932129,298.91278076171875
2025-01-24 05:30:00,0.49234718084335327,59.0,129.0,199.1603546142578,1086.6776123046875,0.007125432137399912,3.0950958728790283,293.62554931640625
2025-01-24 06:30:00,0.5687681436538696,60.0,123.0,220.0044403076172,1433.1068115234375,0.006867371033877134,2.358052968978882,295.12530517578125
2025-01-24 06:30:00,0.5250248312950134,64.0,107.0,220.0044403076172,1433.1068115234375,0.006867371033877134,2.358052968978882,295.12530517578125
2025-01-24 07:30:00,0.5299016833305359,64.0,107.0,214.08721923828125,1591.5267333984375,0.0066935657523572445,2.37345552444458,296.2509765625
2025-01-24 07:30:00,0.5468617081642151,66.0,108.0,214.08721923828125,1591.5267333984375,0.0066935657523572445,2.37345552444458,296.2509765625
2025-01-24 08:30:00,0.506345808506012,66.0,108.0,179.950439453125,1692.9534912109375,0.006548629608005285,2.9506070613861084,296.8831787109375
2025-01-24 08:30:00,0.48034754395484924,66.0,107.0,179.950439453125,1692.9534912109375,0.006548629608005285,2.9506070613861084,296.8831787109375
2025-01-26 05:30:00,0.26641514897346497,32.0,79.0,184.52171325683594,1173.901611328125,0.004735852126032114,0.961053729057312,294.8186340332031
2025-01-26 06:30:00,0.2247544378042221,31.0,77.0,220.15963745117188,1301.8555908203125,0.004741342272609472,1.1985657215118408,296.2547912597656
2025-01-26 06:30:00,0.2510277032852173,26.0,69.0,220.15963745117188,1301.8555908203125,0.004741342272609472,1.1985657215118408,296.2547912597656
2025-01-26 07:30:00,0.21528466045856476,31.0,67.0,221.140625,1433.843994140625,0.004712632857263088,1.6406735181808472,297.2075500488281
2025-01-26 08:30:00,0.19772779941558838,32.0,64.0,183.79241943359375,1550.296142578125,0.0046648127026855946,1.9788738489151,297.90545654296875
2025-01-27 05:30:00,0.16073329746723175,29.0,76.0,177.46485900878906,1288.4405517578125,0.003630908438935876,1.589334487915039,296.09368896484375
2025-01-27 06:30:00,0.2051268219947815,29.0,73.0,219.39453125,1352.427978515625,0.003552468726411462,2.2696475982666016,297.4000244140625
2025-01-27 07:30:00,0.2586947977542877,26.0,60.0,219.4583740234375,1438.8621826171875,0.003454601624980569,2.6444225311279297,298.33782958984375
2025-01-27 07:30:00,0.22252340614795685,20.0,52.0,219.4583740234375,1438.8621826171875,0.003454601624980569,2.6444225311279297,298.33782958984375
2025-01-27 08:30:00,0.12251923978328705,19.0,52.0,180.40745544433594,1519.2642822265625,0.003369042882695794,2.901136636734009,299.01983642578125
2025-01-27 08:30:00,0.1509782373905182,17.0,51.0,180.40745544433594,1519.2642822265625,0.003369042882695794,2.901136636734009,299.01983642578125
2025-01-28 05:30:00,0.1316736787557602,27.0,83.0,167.4676055908203,1382.7762451171875,0.0032759832683950663,1.0088835954666138,296.6857604980469
2025-01-28 06:30:00,0.1905636042356491,26.0,77.0,199.3971405029297,1557.746337890625,0.003105771029368043,1.069920301437378,298.3567810058594
2025-01-28 06:30:00,0.20217879116535187,19.0,61.0,199.3971405029297,1557.746337890625,0.003105771029368043,1.069920301437378,298.3567810058594
2025-01-28 07:30:00,0.2818220257759094,19.0,61.0,196.9811553955078,1689.2412109375,0.0030558172147721052,1.085416555404663,299.37188720703125
2025-01-28 07:30:00,0.23835331201553345,17.0,61.0,196.9811553955078,1689.2412109375,0.0030558172147721052,1.085416555404663,299.37188720703125
2025-01-28 08:30:00,0.20494550466537476,16.0,59.0,157.75521850585938,1770.283203125,0.003028420265763998,0.8747893571853638,300.0538635253906
2025-01-28 08:30:00,0.17051947116851807,14.0,54.0,157.75521850585938,1770.283203125,0.003028420265763998,0.8747893571853638,300.0538635253906
2025-01-29 05:30:00,0.19604989886283875,34.0,106.0,180.43572998046875,1182.2362060546875,0.004350122530013323,2.670309066772461,297.9039001464844
2025-01-29 06:30:00,0.19779320061206818,34.0,105.0,197.0062713623047,1659.2806396484375,0.004422810394316912,1.977216124534607,300.398681640625
2025-01-29 06:30:00,0.20575782656669617,35.0,100.0,197.0062713623047,1659.2806396484375,0.004422810394316912,1.977216124534607,300.398681640625
2025-01-29 07:30:00,0.32133030891418457,33.0,95.0,197.9470977783203,1775.780029296875,0.004500908777117729,2.1804938316345215,301.3564453125
2025-01-29 07:30:00,0.2607712149620056,24.0,79.0,197.9470977783203,1775.780029296875,0.004500908777117729,2.1804938316345215,301.3564453125
2025-01-29 08:30:00,0.19566048681735992,24.0,79.0,163.23460388183594,1999.2550048828125,0.004524143412709236,2.4496824741363525,301.9609069824219
2025-01-29 08:30:00,0.20615960657596588,25.0,77.0,163.23460388183594,1999.2550048828125,0.004524143412709236,2.4496824741363525,301.9609069824219
2025-01-30 05:30:00,0.19549888372421265,37.0,96.0,207.42149353027344,1405.8267822265625,0.0035174316726624966,5.876384735107422,298.7996520996094
2025-01-30 06:30:00,0.21879766881465912,35.0,90.0,245.48690795898438,1700.917724609375,0.0036131192464381456,6.303855895996094,299.8786315917969
2025-01-30 06:30:00,0.2533101439476013,25.0,73.0,245.48690795898438,1700.917724609375,0.0036131192464381456,6.303855895996094,299.8786315917969
2025-01-30 07:30:00,0.3861304819583893,26.0,75.0,246.53282165527344,1964.017822265625,0.003511784365400672,6.686943531036377,300.64788818359375
2025-01-30 07:30:00,0.3279026448726654,28.0,78.0,246.53282165527344,1964.017822265625,0.003511784365400672,6.686943531036377,300.64788818359375
2025-01-30 08:30:00,0.2229228913784027,26.0,76.0,204.4624786376953,2146.009765625,0.003308681072667241,7.003124237060547,301.1889343261719
2025-01-30 08:30:00,0.1524435579776764,17.0,70.0,204.4624786376953,2146.009765625,0.003308681072667241,7.003124237060547,301.1889343261719
2025-01-31 06:30:00,0.23875053226947784,19.0,79.0,285.6136474609375,1724.863037109375,0.0050069550052285194,7.3586039543151855,298.5998229980469
2025-01-31 07:30:00,0.30584460496902466,19.0,79.0,283.4715881347656,1964.32177734375,0.005054628476500511,8.013096809387207,299.5140075683594
2025-01-31 07:30:00,0.27118900418281555,19.0,77.0,283.4715881347656,1964.32177734375,0.005054628476500511,8.013096809387207,299.5140075683594
2025-01-31 08:30:00,0.22265274822711945,19.0,75.0,235.55728149414062,2054.218994140625,0.00505649670958519,8.443291664123535,300.1783142089844
2025-01-31 08:30:00,0.1765764057636261,19.0,70.0,235.55728149414062,2054.218994140625,0.00505649670958519,8.443291664123535,300.1783142089844
2025-02-01 05:30:00,0.2749439775943756,36.0,112.0,222.02835083007812,1431.1373291015625,0.004147801082581282,5.27546501159668,296.96759033203125
2025-02-01 06:30:00,0.33314186334609985,35.0,106.0,265.6838073730469,1681.6455078125,0.004337129648774862,6.214331150054932,298.25762939453125
2025-02-01 07:30:00,0.32084450125694275,33.0,89.0,262.1872253417969,1921.5625,0.0045022619888186455,6.778138637542725,299.26031494140625
2025-02-01 08:30:00,0.29171258211135864,32.0,88.0,216.54019165039062,2028.5003662109375,0.004591080360114574,7.059658050537109,299.9673156738281
2025-02-01 08:30:00,0.2935512363910675,28.0,85.0,216.54019165039062,2028.5003662109375,0.004591080360114574,7.059658050537109,299.9673156738281
2025-02-02 08:30:00,0.15770597755908966,24.0,66.0,225.73780822753906,2080.865478515625,0.00509090768173337,3.8791632652282715,300.81951904296875
2025-02-03 05:30:00,0.19521109759807587,41.0,114.0,203.1485595703125,1170.227783203125,0.005936164874583483,3.589388847351074,298.367431640625
2025-02-03 06:30:00,0.3144078254699707,35.0,92.0,216.3433380126953,1607.164794921875,0.00609321054071188,3.0765795707702637,300.6065673828125
2025-02-03 07:30:00,0.2983129024505615,35.0,95.0,218.2174835205078,1978.6085205078125,0.006230426020920277,3.4981534481048584,302.05657958984375
2025-02-03 07:30:00,0.3306770324707031,37.0,100.0,218.2174835205078,1978.6085205078125,0.006230426020920277,3.4981534481048584,302.05657958984375
2025-02-03 08:30:00,0.2097921222448349,37.0,97.0,202.2842559814453,2327.074462890625,0.006353936158120632,4.084003925323486,303.0333557128906
2025-02-03 08:30:00,0.2764204740524292,36.0,91.0,202.2842559814453,2327.074462890625,0.006353936158120632,4.084003925323486,303.0333557128906
2025-02-04 05:30:00,0.803351879119873,58.0,142.0,214.18283081054688,1386.957275390625,0.007528556976467371,4.015353679656982,300.3004150390625
2025-02-04 06:30:00,0.6022873520851135,49.0,108.0,257.7301940917969,1844.927490234375,0.007332196459174156,4.544088840484619,301.9173583984375
2025-02-04 07:30:00,0.5596970319747925,44.0,97.0,259.9720153808594,2333.906005859375,0.007177791558206081,4.900498390197754,302.9347229003906
2025-02-04 08:30:00,0.6395357251167297,44.0,96.0,218.38552856445312,2614.91064453125,0.0070882211439311504,5.076338291168213,303.4709777832031
2025-02-04 08:30:00,0.7644287347793579,38.0,94.0,218.38552856445312,2614.91064453125,0.0070882211439311504,5.076338291168213,303.4709777832031
2025-02-05 05:30:00,0.36901968717575073,68.0,120.0,254.28976440429688,1811.1962890625,0.005450263153761625,2.3626739978790283,296.41278076171875
2025-02-05 06:30:00,0.414450466632843,59.0,110.0,291.5645446777344,2099.169677734375,0.005831848364323378,2.4509499073028564,297.8102111816406
2025-02-05 07:30:00,0.3903858959674835,58.0,110.0,298.3476867675781,2094.153076171875,0.006087563466280699,3.445507287979126,298.83636474609375
2025-02-05 07:30:00,0.3172805607318878,53.0,108.0,298.3476867675781,2094.153076171875,0.006087563466280699,3.445507287979126,298.83636474609375
2025-02-05 08:30:00,0.2621552050113678,51.0,103.0,259.3185729980469,2269.101806640625,0.006211728788912296,4.187246799468994,299.4993896484375
2025-02-05 08:30:00,0.29720136523246765,41.0,89.0,259.3185729980469,2269.101806640625,0.006211728788912296,4.187246799468994,299.4993896484375
2025-02-06 05:30:00,0.18273146450519562,22.0,136.0,300.11212158203125,1216.2666015625,0.0031393636018037796,5.133129119873047,294.08624267578125
2025-02-06 06:30:00,0.2573547661304474,21.0,130.0,338.8228759765625,1993.70849609375,0.00350807118229568,3.844521999359131,295.64385986328125
2025-02-06 06:30:00,0.3445453345775604,18.0,112.0,338.8228759765625,1993.70849609375,0.00350807118229568,3.844521999359131,295.64385986328125
2025-02-06 07:30:00,0.3297123312950134,18.0,107.0,320.95147705078125,2160.655029296875,0.0038129121530801058,2.6882827281951904,296.92657470703125
2025-02-06 07:30:00,0.2622172236442566,16.0,94.0,320.95147705078125,2160.655029296875,0.0038129121530801058,2.6882827281951904,296.92657470703125
2025-02-06 08:30:00,0.29023152589797974,16.0,89.0,268.1349792480469,2076.611572265625,0.003979514818638563,2.143775463104248,297.79705810546875
2025-02-06 08:30:00,0.23012523353099823,15.0,76.0,268.1349792480469,2076.611572265625,0.003979514818638563,2.143775463104248,297.79705810546875
2025-02-07 05:30:00,0.3703335225582123,30.0,94.0,263.21575927734375,1552.449462890625,0.0033474196679890156,1.9189574718475342,294.9910583496094
2025-02-07 06:30:00,0.4808512032032013,29.0,90.0,300.9891052246094,1870.918212890625,0.003919824492186308,1.5896769762039185,296.6361999511719
2025-02-07 06:30:00,0.3953786790370941,25.0,78.0,300.9891052246094,1870.918212890625,0.003919824492186308,1.5896769762039185,296.6361999511719
2025-02-07 07:30:00,0.4283994734287262,24.0,73.0,307.2069396972656,1983.4063720703125,0.0041032824665308,2.267390012741089,297.7795104980469
2025-02-07 07:30:00,0.36755940318107605,18.0,60.0,307.2069396972656,1983.4063720703125,0.0041032824665308,2.267390012741089,297.7795104980469
2025-02-07 08:30:00,0.38739481568336487,18.0,61.0,268.0904846191406,2149.38232421875,0.004027482587844133,2.885235071182251,298.5007629394531
2025-02-07 08:30:00,0.33145835995674133,18.0,63.0,268.0904846191406,2149.38232421875,0.004027482587844133,2.885235071182251,298.5007629394531
2025-02-08 06:30:00,0.6872977614402771,18.0,70.0,273.2145690917969,1860.2115478515625,0.002979917684569955,1.8415250778198242,298.7921142578125
2025-02-08 06:30:00,0.5156645774841309,23.0,73.0,273.2145690917969,1860.2115478515625,0.002979917684569955,1.8415250778198242,298.7921142578125
2025-02-08 07:30:00,0.5014896988868713,22.0,68.0,281.04864501953125,1991.182861328125,0.0028812980744987726,2.455425262451172,299.7782287597656
2025-02-08 07:30:00,0.48175522685050964,11.0,53.0,281.04864501953125,1991.182861328125,0.0028812980744987726,2.455425262451172,299.7782287597656
2025-02-08 08:30:00,0.4731179475784302,11.0,53.0,259.3948059082031,2027.143798828125,0.0027736122719943523,2.7355399131774902,300.517822265625
2025-02-08 08:30:00,0.31574586033821106,11.0,52.0,259.3948059082031,2027.143798828125,0.0027736122719943523,2.7355399131774902,300.517822265625
2025-02-09 06:30:00,0.370757132768631,27.0,71.0,304.5298156738281,2205.675537109375,0.005485332105308771,3.71313738822937,300.67523193359375
2025-02-09 07:30:00,0.32262492179870605,28.0,71.0,308.5064697265625,2345.60302734375,0.005640578456223011,4.407874584197998,301.5726013183594
2025-02-09 07:30:00,0.34570130705833435,30.0,71.0,308.5064697265625,2345.60302734375,0.005640578456223011,4.407874584197998,301.5726013183594
2025-02-09 08:30:00,0.36774253845214844,30.0,74.0,263.22344970703125,2510.531005859375,0.005676743574440479,4.772430896759033,302.21856689453125
2025-02-09 08:30:00,0.31097328662872314,33.0,83.0,263.22344970703125,2510.531005859375,0.005676743574440479,4.772430896759033,302.21856689453125
2025-02-11 05:30:00,0.24863824248313904,31.0,90.0,259.573974609375,1905.327880859375,0.003596352180466056,2.960190534591675,300.6533508300781
2025-02-11 06:30:00,0.4064445495605469,29.0,81.0,318.05377197265625,2096.868408203125,0.0035034397151321173,3.8017048835754395,301.729248046875
2025-02-11 06:30:00,0.4873400330543518,16.0,64.0,318.05377197265625,2096.868408203125,0.0035034397151321173,3.8017048835754395,301.729248046875
2025-02-11 07:30:00,0.4363705813884735,16.0,61.0,322.03009033203125,2295.909912109375,0.003377455286681652,4.449532508850098,302.55926513671875
2025-02-11 07:30:00,0.532439649105072,16.0,56.0,322.03009033203125,2295.909912109375,0.003377455286681652,4.449532508850098,302.55926513671875
2025-02-11 08:30:00,0.3829168975353241,16.0,60.0,277.4919128417969,2532.973388671875,0.003251576330512762,4.956305980682373,303.140380859375
2025-02-11 08:30:00,0.28978362679481506,18.0,67.0,277.4919128417969,2532.973388671875,0.003251576330512762,4.956305980682373,303.140380859375
2025-02-12 06:30:00,0.4450613558292389,33.0,90.0,359.3174133300781,1909.7515869140625,0.005071760155260563,4.5175981521606445,299.37689208984375
2025-02-12 06:30:00,0.5178031921386719,31.0,83.0,359.3174133300781,1909.7515869140625,0.005071760155260563,4.5175981521606445,299.37689208984375
2025-02-12 07:30:00,0.5027480125427246,31.0,81.0,359.9311828613281,2037.3450927734375,0.00482923723757267,4.977451801300049,300.2588806152344
2025-02-12 07:30:00,0.46384724974632263,30.0,76.0,359.9311828613281,2037.3450927734375,0.00482923723757267,4.977451801300049,300.2588806152344
2025-02-12 08:30:00,0.43961045145988464,30.0,75.0,313.5411071777344,2256.912353515625,0.004607182461768389,5.494853496551514,300.85101318359375
2025-02-13 05:30:00,0.3367829918861389,27.0,87.0,299.70220947265625,1517.6451416015625,0.0032964260317385197,3.0989906787872314,296.9132995605469
2025-02-13 06:30:00,0.4936540722846985,26.0,81.0,347.4425354003906,1817.2083740234375,0.0031085233204066753,3.1397693157196045,298.34539794921875
2025-02-13 07:30:00,0.5630960464477539,17.0,68.0,346.60137939453125,1991.76025390625,0.002933194860816002,3.5250115394592285,299.443115234375
2025-02-13 07:30:00,0.5261499285697937,17.0,65.0,346.60137939453125,1991.76025390625,0.002933194860816002,3.5250115394592285,299.443115234375
2025-02-13 08:30:00,0.39218196272850037,17.0,65.0,299.95941162109375,2184.801513671875,0.00280308467335999,3.9411075115203857,300.2041931152344
2025-02-13 08:30:00,0.32584336400032043,17.0,66.0,299.95941162109375,2184.801513671875,0.00280308467335999,3.9411075115203857,300.2041931152344
2025-02-14 05:30:00,0.371088445186615,16.0,67.0,304.0362854003906,1725.9683837890625,0.003024167148396373,4.367178440093994,298.48455810546875
2025-02-14 06:30:00,0.5220723152160645,15.0,68.0,352.44024658203125,1982.9881591796875,0.003177552716806531,4.433925628662109,299.53570556640625
2025-02-14 06:30:00,0.4806968569755554,12.0,70.0,352.44024658203125,1982.9881591796875,0.003177552716806531,4.433925628662109,299.53570556640625
2025-02-14 07:30:00,0.5545671582221985,12.0,66.0,350.9389953613281,2147.54833984375,0.003352783154696226,4.452639579772949,300.4039611816406
2025-02-14 07:30:00,0.5209053754806519,13.0,57.0,350.9389953613281,2147.54833984375,0.003352783154696226,4.452639579772949,300.4039611816406
2025-02-14 08:30:00,0.42284905910491943,13.0,57.0,303.022705078125,2257.5615234375,0.003478825557976961,4.606057167053223,301.0382385253906
2025-02-14 08:30:00,0.3460797667503357,11.0,60.0,303.022705078125,2257.5615234375,0.003478825557976961,4.606057167053223,301.0382385253906
2025-02-15 05:30:00,0.49656185507774353,20.0,91.0,304.9279479980469,1957.328857421875,0.003920451272279024,5.429904460906982,300.8011474609375
2025-02-15 06:30:00,0.685630202293396,25.0,95.0,351.4778137207031,2248.41015625,0.004043028689920902,5.264230728149414,301.875244140625
2025-02-15 07:30:00,0.6998724937438965,24.0,93.0,349.9305419921875,2490.427490234375,0.004211710765957832,5.171858310699463,302.7663269042969
2025-02-15 07:30:00,0.47321903705596924,22.0,88.0,349.9305419921875,2490.427490234375,0.004211710765957832,5.171858310699463,302.7663269042969
2025-02-15 08:30:00,0.5219864845275879,22.0,86.0,302.1063232421875,2984.47998046875,0.004382386337965727,5.2274980545043945,303.4244384765625
2025-02-15 08:30:00,0.4070134460926056,23.0,81.0,302.1063232421875,2984.47998046875,0.004382386337965727,5.2274980545043945,303.4244384765625
2025-02-16 06:30:00,0.5876742005348206,37.0,97.0,359.941650390625,2388.170654296875,0.005216045770794153,4.080836296081543,301.67498779296875
2025-02-16 07:30:00,0.6134370565414429,36.0,96.0,364.0534362792969,2559.208984375,0.004944204818457365,4.663906574249268,302.42584228515625
2025-02-16 07:30:00,0.5737953186035156,33.0,96.0,364.0534362792969,2559.208984375,0.004944204818457365,4.663906574249268,302.42584228515625
2025-02-16 08:30:00,0.5176628828048706,31.0,91.0,319.05877685546875,2780.220947265625,0.004695055074989796,5.2179670333862305,302.97998046875
2025-02-16 08:30:00,0.416995108127594,20.0,80.0,319.05877685546875,2780.220947265625,0.004695055074989796,5.2179670333862305,302.97998046875
2025-02-18 07:30:00,0.6870967745780945,24.0,77.0,347.4006042480469,2709.1455078125,0.005260211415588856,2.8285562992095947,302.4407043457031
2025-02-18 08:30:00,0.6765154004096985,24.0,77.0,303.734619140625,2809.183837890625,0.0052676722407341,3.009413480758667,302.9532470703125
2025-02-18 08:30:00,0.6879952549934387,19.0,83.0,303.734619140625,2809.183837890625,0.0052676722407341,3.009413480758667,302.9532470703125
2025-02-20 08:30:00,0.6018268465995789,12.0,78.0,337.3512268066406,2838.265625,0.005043643992394209,4.236490249633789,301.8208312988281
2025-02-21 05:30:00,0.51972496509552,21.0,99.0,321.71588134765625,2512.197509765625,0.004861844703555107,2.826792001724243,300.113037109375
2025-02-21 06:30:00,0.7281503081321716,24.0,111.0,375.2459716796875,2628.231201171875,0.004765254911035299,2.9816105365753174,300.90869140625
2025-02-21 07:30:00,0.9082933068275452,24.0,111.0,378.0075378417969,2798.25732421875,0.004676497541368008,3.269699811935425,301.5209045410156
2025-02-21 07:30:00,0.8146317601203918,18.0,87.0,378.0075378417969,2798.25732421875,0.004676497541368008,3.269699811935425,301.5209045410156
2025-02-21 08:30:00,0.7189150452613831,18.0,87.0,332.8182067871094,2829.24951171875,0.00459126615896821,3.751081943511963,302.0267639160156
2025-02-21 08:30:00,0.5613338947296143,15.0,70.0,332.8182067871094,2829.24951171875,0.00459126615896821,3.751081943511963,302.0267639160156
2025-02-22 06:30:00,0.8485108017921448,29.0,107.0,397.0263671875,2206.207763671875,0.004545849282294512,4.4612016677856445,299.88031005859375
2025-02-22 07:30:00,0.9099763631820679,29.0,107.0,401.41656494140625,2430.2412109375,0.004494978580623865,5.311740398406982,300.72857666015625
2025-02-22 07:30:00,0.8293685913085938,23.0,89.0,401.41656494140625,2430.2412109375,0.004494978580623865,5.311740398406982,300.72857666015625
2025-02-22 08:30:00,0.7307762503623962,23.0,89.0,354.4702453613281,2640.250244140625,0.004493981134146452,5.86061429977417,301.2341003417969
2025-02-22 08:30:00,0.6125032305717468,19.0,70.0,354.4702453613281,2640.250244140625,0.004493981134146452,5.86061429977417,301.2341003417969
2025-02-23 05:30:00,0.8454187512397766,13.0,76.0,304.56878662109375,2473.2646484375,0.0041584144346416,0.6687071323394775,298.9216613769531
2025-02-23 06:30:00,0.9575741291046143,16.0,78.0,362.2551574707031,2519.357421875,0.004144788254052401,1.3202753067016602,300.1280822753906
2025-02-23 07:30:00,0.9500255584716797,16.0,78.0,370.5799255371094,2650.333984375,0.00405516941100359,1.8437561988830566,300.90997314453125
2025-02-23 07:30:00,0.8056379556655884,29.0,90.0,370.5799255371094,2650.333984375,0.00405516941100359,1.8437561988830566,300.90997314453125
2025-02-23 08:30:00,0.7602323889732361,29.0,90.0,328.1051940917969,2794.37060546875,0.003948329947888851,2.217073917388916,301.4345397949219
2025-02-23 08:30:00,0.6503149271011353,22.0,84.0,328.1051940917969,2794.37060546875,0.003948329947888851,2.217073917388916,301.4345397949219
2025-02-24 05:30:00,0.7963309288024902,21.0,92.0,335.1189880371094,2318.9638671875,0.004759666044265032,2.750823974609375,298.724853515625
2025-02-24 07:30:00,1.0061057806015015,17.0,74.0,365.331298828125,2762.078369140625,0.00462601613253355,1.3811883926391602,300.28582763671875
2025-02-24 07:30:00,0.7076112627983093,15.0,71.0,365.331298828125,2762.078369140625,0.00462601613253355,1.3811883926391602,300.28582763671875
2025-02-24 08:30:00,1.1107882261276245,15.0,71.0,314.8597717285156,2799.12548828125,0.004526028875261545,1.0202773809432983,300.78424072265625
2025-02-24 08:30:00,1.091030240058899,13.0,71.0,314.8597717285156,2799.12548828125,0.004526028875261545,1.0202773809432983,300.78424072265625
2025-02-25 05:30:00,0.9394447803497314,19.0,83.0,318.1188049316406,1974.2762451171875,0.004803059622645378,1.6761760711669922,298.81658935546875
2025-02-25 06:30:00,1.0893690586090088,14.0,67.0,364.0167236328125,2258.278076171875,0.004853086080402136,0.9724397659301758,300.1773986816406
2025-02-25 07:30:00,1.2156591415405273,14.0,67.0,376.96514892578125,2524.27294921875,0.004691975191235542,1.7641732692718506,301.12774658203125
2025-02-25 07:30:00,1.152197003364563,13.0,61.0,376.96514892578125,2524.27294921875,0.004691975191235542,1.7641732692718506,301.12774658203125
2025-02-25 08:30:00,0.8738552331924438,13.0,61.0,339.0448913574219,2533.29150390625,0.004470465704798698,2.5602848529815674,301.794677734375
2025-02-25 08:30:00,0.8759438991546631,13.0,61.0,339.0448913574219,2533.29150390625,0.004470465704798698,2.5602848529815674,301.794677734375
2025-02-26 05:30:00,1.2549028396606445,19.0,81.0,345.33331298828125,1652.2327880859375,0.004863549489527941,4.443857192993164,300.20074462890625
2025-02-26 08:30:00,0.9091618657112122,16.0,65.0,313.51763916015625,2517.276611328125,0.005049456842243671,2.2138845920562744,303.27392578125
2025-02-26 08:30:00,0.8195980191230774,14.0,63.0,313.51763916015625,2517.276611328125,0.005049456842243671,2.2138845920562744,303.27392578125
2025-02-27 05:30:00,1.1567964553833008,31.0,113.0,348.54705810546875,1774.24853515625,0.0053695328533649445,5.022188663482666,302.0278015136719
2025-02-27 06:30:00,1.8870224952697754,28.0,90.0,390.3249816894531,2140.8037109375,0.005259595345705748,4.712510108947754,303.2965393066406
2025-02-27 07:30:00,2.6482789516448975,25.0,77.0,384.19354248046875,2447.86767578125,0.005173135548830032,4.308046817779541,304.2445068359375
2025-02-28 05:30:00,1.344167947769165,27.0,131.0,337.2667541503906,1612.8861083984375,0.0051652914844453335,9.873316764831543,302.369140625
2025-02-28 06:30:00,1.460519790649414,30.0,112.0,364.58990478515625,1939.922119140625,0.005123227834701538,10.325833320617676,303.67840576171875
2025-02-28 07:30:00,1.4749932289123535,30.0,112.0,369.4465637207031,2249.962158203125,0.0052013336680829525,10.413540840148926,304.656982421875
2025-02-28 07:30:00,1.4306222200393677,29.0,103.0,369.4465637207031,2249.962158203125,0.0052013336680829525,10.413540840148926,304.656982421875
2025-03-01 05:30:00,0.9102845191955566,21.0,99.0,346.3707275390625,2214.646484375,0.005803185515105724,4.904693603515625,302.7111511230469
2025-03-01 06:30:00,1.0501856803894043,20.0,77.0,379.4939880371094,2613.691162109375,0.00563189759850502,5.639185428619385,303.702880859375
2025-03-01 07:30:00,1.2199478149414062,20.0,77.0,374.87445068359375,2898.729736328125,0.0054893274791538715,6.160948753356934,304.4781494140625
2025-03-01 07:30:00,0.984378457069397,22.0,76.0,374.87445068359375,2898.729736328125,0.0054893274791538715,6.160948753356934,304.4781494140625
2025-03-01 08:30:00,0.9740236401557922,22.0,76.0,327.88922119140625,3089.7861328125,0.005325885955244303,6.494878768920898,305.05853271484375
2025-03-01 08:30:00,0.9079922437667847,17.0,71.0,327.88922119140625,3089.7861328125,0.005325885955244303,6.494878768920898,305.05853271484375
2025-03-02 06:30:00,1.2141501903533936,18.0,84.0,434.4949951171875,2326.80224609375,0.006057309918105602,6.035648822784424,302.54376220703125
2025-03-02 07:30:00,1.4715723991394043,18.0,84.0,437.7265930175781,2535.826171875,0.006078660022467375,6.77688455581665,303.2920227050781
2025-03-02 07:30:00,1.2018340826034546,23.0,88.0,437.7265930175781,2535.826171875,0.006078660022467375,6.77688455581665,303.2920227050781
2025-03-02 08:30:00,1.1566729545593262,23.0,88.0,387.54620361328125,2652.824951171875,0.006065598223358393,7.226418495178223,303.802001953125
2025-03-02 08:30:00,1.2697442770004272,24.0,84.0,387.54620361328125,2652.824951171875,0.006065598223358393,7.226418495178223,303.802001953125
2025-03-03 07:30:00,1.4777300357818604,30.0,111.0,380.12628173828125,2507.963134765625,0.004844089038670063,3.191645622253418,303.6505126953125
2025-03-03 08:30:00,1.0642914772033691,28.0,101.0,336.70867919921875,2745.0146484375,0.004863683599978685,3.4064364433288574,304.3382873535156
2025-03-03 08:30:00,0.9741443991661072,22.0,95.0,336.70867919921875,2745.0146484375,0.004863683599978685,3.4064364433288574,304.3382873535156
2025-03-04 06:30:00,1.3480452299118042,20.0,112.0,444.8241882324219,2261.91748046875,0.00545536121353507,5.76080846786499,301.6697082519531
2025-03-04 07:30:00,1.650839924812317,20.0,112.0,444.5030517578125,2493.975341796875,0.005179744679480791,6.184220314025879,302.443603515625
2025-03-04 07:30:00,1.3092747926712036,19.0,139.0,444.5030517578125,2493.975341796875,0.005179744679480791,6.184220314025879,302.443603515625
2025-03-04 08:30:00,1.077776551246643,19.0,139.0,395.5616760253906,2619.997314453125,0.0049512931145727634,6.799109935760498,302.9521789550781
2025-03-04 08:30:00,1.0950483083724976,21.0,115.0,395.5616760253906,2619.997314453125,0.0049512931145727634,6.799109935760498,302.9521789550781
2025-03-05 05:30:00,1.1101316213607788,17.0,87.0,434.4998474121094,944.5123901367188,0.0013698784168809652,6.829112529754639,294.8470458984375
2025-03-05 06:30:00,1.334996223449707,10.0,79.0,473.27410888671875,1166.552734375,0.001145032118074596,7.069997310638428,297.0191345214844
2025-03-05 07:30:00,2.2626795768737793,10.0,79.0,460.4393310546875,1470.110595703125,0.0010215797228738666,7.5963134765625,298.9894104003906
2025-03-05 07:30:00,1.4586642980575562,10.0,85.0,460.4393310546875,1470.110595703125,0.0010215797228738666,7.5963134765625,298.9894104003906
2025-03-05 08:30:00,1.1354278326034546,10.0,85.0,400.7872619628906,1667.14208984375,0.0009752580081112683,8.181219100952148,300.31756591796875
2025-03-05 08:30:00,1.0346943140029907,9.0,95.0,400.7872619628906,1667.14208984375,0.0009752580081112683,8.181219100952148,300.31756591796875
2025-03-06 05:30:00,1.1780483722686768,11.0,72.0,386.46234130859375,1588.9827880859375,0.001473193638958037,5.827640533447266,298.8072509765625
2025-03-06 06:30:00,1.6655646562576294,12.0,60.0,433.56494140625,1878.955810546875,0.0013436665758490562,5.90285587310791,300.3512878417969
2025-03-06 07:30:00,2.2364540100097656,12.0,60.0,428.4129943847656,2122.48193359375,0.0012262194650247693,5.87116813659668,301.5127258300781
2025-03-06 07:30:00,1.404755711555481,8.0,50.0,428.4129943847656,2122.48193359375,0.0012262194650247693,5.87116813659668,301.5127258300781
2025-03-06 08:30:00,1.147786259651184,8.0,50.0,373.2434997558594,2266.5244140625,0.0011647227220237255,5.825995445251465,302.2933654785156
2025-03-06 08:30:00,1.0035579204559326,8.0,53.0,373.2434997558594,2266.5244140625,0.0011647227220237255,5.825995445251465,302.2933654785156
2025-03-07 05:30:00,1.2498584985733032,13.0,58.0,360.59814453125,1963.5111083984375,0.002450063591822982,3.889922857284546,300.98223876953125
2025-03-07 06:30:00,1.784983515739441,10.0,52.0,415.2973327636719,2130.569580078125,0.002557823434472084,4.391162872314453,302.1589660644531
2025-03-07 07:30:00,2.335402011871338,10.0,52.0,416.5530700683594,2270.660400390625,0.002615387551486492,4.720979690551758,303.1504821777344
2025-03-07 07:30:00,1.4292490482330322,12.0,56.0,416.5530700683594,2270.660400390625,0.002615387551486492,4.720979690551758,303.1504821777344
2025-03-07 08:30:00,1.1961464881896973,12.0,56.0,368.2770080566406,2442.73291015625,0.0026907960418611765,5.281339645385742,303.9620056152344
2025-03-07 08:30:00,1.1726292371749878,9.0,61.0,368.2770080566406,2442.73291015625,0.0026907960418611765,5.281339645385742,303.9620056152344
2025-03-08 07:30:00,1.2553653717041016,10.0,71.0,420.7862548828125,2728.27001953125,0.003924678545445204,4.753101348876953,303.922607421875
2025-03-08 08:30:00,1.1483145952224731,10.0,71.0,367.44500732421875,2845.34130859375,0.0038909902796149254,4.261490345001221,304.436767578125
2025-03-08 08:30:00,0.9959319233894348,8.0,59.0,367.44500732421875,2845.34130859375,0.0038909902796149254,4.261490345001221,304.436767578125
2025-03-09 05:30:00,1.187502145767212,11.0,76.0,359.7819519042969,2249.13427734375,0.0034419684670865536,3.3191885948181152,302.3401794433594
2025-03-09 06:30:00,1.630739688873291,60.0,121.0,400.76129150390625,2581.149658203125,0.0036444077268242836,2.626689910888672,303.3854675292969
2025-03-09 07:30:00,2.219515323638916,60.0,121.0,398.87457275390625,2818.150146484375,0.003797302022576332,2.376178026199341,304.12310791015625
2025-03-09 07:30:00,1.3479595184326172,11.0,59.0,398.87457275390625,2818.150146484375,0.003797302022576332,2.376178026199341,304.12310791015625
2025-03-09 08:30:00,1.1649560928344727,11.0,59.0,349.80621337890625,2839.155029296875,0.0038988490123301744,2.2158234119415283,304.6939697265625
2025-03-09 08:30:00,1.0853108167648315,7.0,55.0,349.80621337890625,2839.155029296875,0.0038988490123301744,2.2158234119415283,304.6939697265625
2025-03-10 05:30:00,1.259538173675537,11.0,91.0,363.27691650390625,2067.640625,0.0041880980134010315,4.3785176277160645,303.00787353515625
2025-03-10 06:30:00,1.744761347770691,16.0,69.0,404.84661865234375,2424.151123046875,0.004241424147039652,3.048015594482422,304.2535400390625
2025-03-10 07:30:00,2.4950921535491943,16.0,69.0,394.0520935058594,2666.127197265625,0.004292930476367474,2.1887366771698,305.1781311035156
2025-03-10 07:30:00,1.3512550592422485,13.0,63.0,394.0520935058594,2666.127197265625,0.004292930476367474,2.1887366771698,305.1781311035156
2025-03-10 08:30:00,1.1645640134811401,13.0,63.0,345.148681640625,2837.08349609375,0.004296762868762016,1.966537594795227,305.8048095703125
2025-03-10 08:30:00,1.1745411157608032,13.0,65.0,345.148681640625,2837.08349609375,0.004296762868762016,1.966537594795227,305.8048095703125
2025-03-11 05:30:00,1.3940143585205078,22.0,80.0,336.3104248046875,2306.819580078125,0.004436441697180271,1.7804625034332275,304.468017578125
2025-03-11 06:30:00,1.6560704708099365,18.0,70.0,375.2140197753906,2619.842529296875,0.00444960780441761,1.4752544164657593,305.6095886230469
2025-03-11 07:30:00,2.214570999145508,18.0,70.0,382.5455322265625,2836.841552734375,0.004419123753905296,1.8761943578720093,306.42376708984375
2025-03-11 07:30:00,1.3951998949050903,18.0,63.0,382.5455322265625,2836.841552734375,0.004419123753905296,1.8761943578720093,306.42376708984375
2025-03-11 08:30:00,1.2180742025375366,18.0,63.0,343.91986083984375,2875.887451171875,0.004362141247838736,2.4507222175598145,307.0287170410156
2025-03-11 08:30:00,1.1649848222732544,15.0,58.0,343.91986083984375,2875.887451171875,0.004362141247838736,2.4507222175598145,307.0287170410156
2025-03-12 05:30:00,1.329633355140686,27.0,96.0,372.4827880859375,2163.96630859375,0.004983970429748297,6.74631404876709,305.97259521484375
2025-03-12 06:30:00,1.6719497442245483,23.0,86.0,422.9335021972656,2564.92431640625,0.005157651379704475,6.840510845184326,307.0303649902344
2025-03-12 07:30:00,2.086483955383301,23.0,86.0,424.18804931640625,2913.8564453125,0.005251274909824133,7.004802227020264,307.8094482421875
2025-03-12 07:30:00,1.4669660329818726,22.0,99.0,424.18804931640625,2913.8564453125,0.005251274909824133,7.004802227020264,307.8094482421875
2025-03-12 08:30:00,1.208198070526123,22.0,99.0,374.1842041015625,3129.955322265625,0.005176967475563288,7.193519115447998,308.357666015625
2025-03-12 08:30:00,1.2266912460327148,18.0,90.0,374.1842041015625,3129.955322265625,0.005176967475563288,7.193519115447998,308.357666015625
2025-03-13 05:30:00,1.3297001123428345,17.0,122.0,385.9220886230469,2353.12451171875,0.002840569708496332,8.602471351623535,306.4633483886719
2025-03-13 07:30:00,2.8291685581207275,12.0,82.0,445.3880615234375,2848.037109375,0.002569351578131318,9.109116554260254,308.0818176269531
2025-03-13 07:30:00,1.681944489479065,12.0,112.0,445.3880615234375,2848.037109375,0.002569351578131318,9.109116554260254,308.0818176269531
2025-03-13 08:30:00,1.393792986869812,12.0,112.0,391.48065185546875,3105.997802734375,0.00243950542062521,9.189287185668945,308.5863342285156
2025-03-13 08:30:00,1.2682377099990845,15.0,104.0,391.48065185546875,3105.997802734375,0.00243950542062521,9.189287185668945,308.5863342285156
2025-03-14 05:30:00,1.450406551361084,19.0,77.0,403.9475402832031,2282.076416015625,0.005772063042968512,7.892600059509277,306.0055847167969
2025-03-14 06:30:00,1.9562050104141235,15.0,69.0,451.6916809082031,2629.093505859375,0.005667157005518675,7.579385757446289,306.98382568359375
2025-03-14 07:30:00,2.744753837585449,15.0,69.0,449.0208435058594,2940.15185546875,0.005579502787441015,7.31614351272583,307.6918029785156
2025-03-14 07:30:00,1.6793463230133057,10.0,72.0,449.0208435058594,2940.15185546875,0.005579502787441015,7.31614351272583,307.6918029785156
2025-03-14 08:30:00,1.556662917137146,10.0,72.0,396.655029296875,3293.19580078125,0.0055014812387526035,7.143152713775635,308.16351318359375
2025-03-14 08:30:00,1.3761321306228638,12.0,68.0,396.655029296875,3293.19580078125,0.0055014812387526035,7.143152713775635,308.16351318359375
2025-03-15 05:30:00,1.4236637353897095,18.0,64.0,350.4640197753906,3421.106201171875,0.005523531697690487,2.9942433834075928,305.6004638671875
2025-03-15 06:30:00,1.8872809410095215,18.0,61.0,410.213623046875,3454.2177734375,0.005367367994040251,3.7469000816345215,306.7911071777344
2025-03-15 07:30:00,2.1086981296539307,18.0,61.0,413.84771728515625,3499.2919921875,0.005369728896766901,4.309347152709961,307.6746826171875
2025-03-15 07:30:00,1.6331675052642822,9.0,53.0,413.84771728515625,3499.2919921875,0.005369728896766901,4.309347152709961,307.6746826171875
2025-03-15 08:30:00,1.2298882007598877,9.0,53.0,365.94366455078125,3350.3505859375,0.005425480660051107,4.623223781585693,308.27996826171875
2025-03-15 08:30:00,1.5907260179519653,14.0,55.0,365.94366455078125,3350.3505859375,0.005425480660051107,4.623223781585693,308.27996826171875
2025-03-16 08:30:00,1.7852345705032349,13.0,67.0,368.3209533691406,3498.376708984375,0.005864815320819616,6.178208827972412,307.2796936035156
2025-03-18 06:30:00,2.082735300064087,15.0,67.0,406.5796203613281,2549.417236328125,0.004859081003814936,1.2600510120391846,303.1204833984375
2025-03-18 07:30:00,2.5577023029327393,15.0,67.0,390.85101318359375,2789.4521484375,0.004630399867892265,2.2156689167022705,304.00775146484375
2025-03-18 07:30:00,2.0331413745880127,16.0,60.0,390.85101318359375,2789.4521484375,0.004630399867892265,2.2156689167022705,304.00775146484375
2025-03-18 08:30:00,1.224922776222229,16.0,60.0,332.5445556640625,2822.44140625,0.0044471751898527145,2.8666772842407227,304.6495056152344
2025-03-18 08:30:00,1.2819693088531494,16.0,62.0,332.5445556640625,2822.44140625,0.0044471751898527145,2.8666772842407227,304.6495056152344
2025-03-19 05:30:00,1.5856232643127441,21.0,87.0,367.5773010253906,3076.374755859375,0.004295231308788061,3.4321370124816895,304.71856689453125
2025-03-19 06:30:00,2.1110241413116455,52.0,106.0,416.4051818847656,3451.376953125,0.004383465740829706,3.56638240814209,305.89599609375
2025-03-19 07:30:00,2.0484001636505127,52.0,106.0,416.4141845703125,3588.378662109375,0.004456058610230684,3.6810925006866455,306.8072814941406
2025-03-19 07:30:00,1.9715187549591064,21.0,71.0,416.4141845703125,3588.378662109375,0.004456058610230684,3.6810925006866455,306.8072814941406
2025-03-19 08:30:00,1.6216472387313843,21.0,71.0,367.7977600097656,3887.372314453125,0.004505625925958157,3.78568959236145,307.5108642578125
2025-03-21 07:30:00,2.5558090209960938,17.0,73.0,451.2288513183594,2910.021484375,0.004036214202642441,4.512503623962402,304.67181396484375
2025-03-21 08:30:00,2.1422128677368164,17.0,73.0,403.49310302734375,3461.027587890625,0.0039446791633963585,5.002852439880371,305.33935546875
2025-03-21 08:30:00,1.9811230897903442,13.0,65.0,403.49310302734375,3461.027587890625,0.0039446791633963585,5.002852439880371,305.33935546875
2025-03-22 05:30:00,1.7934863567352295,16.0,63.0,372.07806396484375,3059.73486328125,0.004842686932533979,1.11317777633667,302.71685791015625
2025-03-22 06:30:00,2.0042314529418945,14.0,67.0,409.0512390136719,3289.74609375,0.004709206521511078,0.43631047010421753,303.36376953125
2025-03-22 07:30:00,2.5640294551849365,15.0,53.0,420.2675476074219,3271.7919921875,0.00454536359757185,0.8741636276245117,303.96307373046875
2025-03-22 08:30:00,1.9814002513885498,15.0,53.0,386.6845703125,3274.828857421875,0.00444842828437686,1.6209584474563599,304.4779052734375
2025-03-22 08:30:00,1.6535202264785767,17.0,57.0,386.6845703125,3274.828857421875,0.00444842828437686,1.6209584474563599,304.4779052734375
2025-03-23 05:30:00,1.774848461151123,18.0,80.0,385.70111083984375,2998.91650390625,0.00414501316845417,3.076765298843384,304.1048583984375
2025-03-23 08:30:00,2.0813562870025635,8.0,58.0,404.900634765625,3258.954833984375,0.003490837523713708,4.105151176452637,305.97796630859375
2025-03-23 08:30:00,1.782890796661377,10.0,118.0,404.900634765625,3258.954833984375,0.003490837523713708,4.105151176452637,305.97796630859375
2025-03-24 05:30:00,1.5114279985427856,20.0,69.0,365.087646484375,2603.643310546875,0.0027764434926211834,1.552034616470337,303.767578125
2025-03-24 06:30:00,2.2089362144470215,14.0,55.0,424.1692810058594,2829.70654296875,0.0028577379416674376,2.1372251510620117,304.7640075683594
2025-03-24 07:30:00,1.8825889825820923,10.0,55.0,435.021240234375,2835.728515625,0.0029237184207886457,2.7756149768829346,305.5500793457031
2025-03-24 08:30:00,2.0038771629333496,10.0,55.0,393.25616455078125,2849.725341796875,0.0029733560513705015,3.211738109588623,306.0841064453125
2025-03-24 08:30:00,1.6511662006378174,15.0,56.0,393.25616455078125,2849.725341796875,0.0029733560513705015,3.211738109588623,306.0841064453125
2025-03-25 05:30:00,1.217226505279541,32.0,93.0,352.6264343261719,2546.796142578125,0.003291431115940213,1.3585240840911865,304.9856872558594
2025-03-25 07:30:00,2.0496184825897217,12.0,67.0,414.7726745605469,3063.929443359375,0.003513163421303034,1.887963891029358,306.8550720214844
2025-03-25 08:30:00,0.8004201054573059,12.0,67.0,369.68560791015625,3127.919921875,0.0035234305541962385,1.9381475448608398,307.41143798828125
2025-03-25 08:30:00,1.2690528631210327,16.0,70.0,369.68560791015625,3127.919921875,0.0035234305541962385,1.9381475448608398,307.41143798828125
2025-03-26 05:30:00,1.0481112003326416,27.0,79.0,370.35211181640625,2811.5947265625,0.003814165713265538,3.4837162494659424,307.0255126953125
2025-03-26 06:30:00,1.6375117301940918,22.0,74.0,415.2809143066406,3232.693603515625,0.003878361312672496,3.2715368270874023,307.8998107910156
2025-03-26 08:30:00,1.1195274591445923,19.0,80.0,367.0538330078125,3509.803466796875,0.0038805785588920116,3.0230088233947754,309.0993347167969
2025-03-26 08:30:00,0.8609193563461304,23.0,70.0,367.0538330078125,3509.803466796875,0.0038805785588920116,3.0230088233947754,309.0993347167969
2025-03-27 08:30:00,0.4477429986000061,25.0,86.0,395.9474792480469,3860.19384765625,0.005311958026140928,5.509451389312744,309.08392333984375
2025-03-27 08:30:00,0.9169405698776245,26.0,80.0,395.9474792480469,3860.19384765625,0.005311958026140928,5.509451389312744,309.08392333984375
2025-03-28 05:30:00,1.7121301889419556,17.0,134.0,408.1301574707031,2123.246826171875,0.0036871384363621473,5.106395721435547,304.5401306152344
2025-03-28 08:30:00,0.4852641522884369,13.0,105.0,389.4267578125,2835.322998046875,0.004482586868107319,5.724684238433838,306.6629638671875
2025-03-28 08:30:00,1.148206114768982,16.0,106.0,389.4267578125,2835.322998046875,0.004482586868107319,5.724684238433838,306.6629638671875
2025-03-29 05:30:00,2.2173564434051514,15.0,125.0,393.54840087890625,1984.540283203125,0.0015101974131539464,2.3820950984954834,302.35821533203125
2025-03-29 08:30:00,1.0956172943115234,9.0,103.0,397.0349426269531,2559.0888671875,0.0018365181749686599,3.4147841930389404,306.2603759765625
2025-03-30 05:30:00,1.9481594562530518,17.0,92.0,344.8155517578125,2157.884521484375,0.001895965775474906,1.3135879039764404,304.0622863769531
2025-03-30 08:30:00,1.0291593074798584,10.0,66.0,383.00396728515625,2844.884033203125,0.0032121757976710796,3.7281219959259033,307.83367919921875
2025-04-01 05:30:00,1.5412847995758057,16.0,100.0,349.17083740234375,2280.109130859375,0.002645022002980113,2.3759639263153076,305.5966796875
2025-04-01 08:30:00,0.8778648972511292,17.0,78.0,300.52801513671875,3156.07958984375,0.003454935969784856,0.8839098811149597,307.66876220703125
2025-04-01 08:30:00,1.2090344429016113,21.0,73.0,300.52801513671875,3156.07958984375,0.003454935969784856,0.8839098811149597,307.66876220703125
2025-04-03 05:30:00,1.3767184019088745,41.0,104.0,290.44622802734375,2108.083740234375,0.008336910046637058,4.519848823547363,304.42620849609375
2025-04-04 05:30:00,0.5528256893157959,39.0,88.0,385.58392333984375,2479.82958984375,0.0036851849872618914,3.7674295902252197,306.0377502441406
2025-04-05 07:30:00,1.2847092151641846,16.0,83.0,460.617919921875,3119.03173828125,0.003203036729246378,6.098912715911865,308.7402648925781
2025-04-05 08:30:00,1.8897827863693237,9.0,93.0,419.1688232421875,3507.960205078125,0.003244902240112424,6.771450996398926,309.09454345703125
2025-04-05 08:30:00,0.8629302382469177,9.0,71.0,419.1688232421875,3507.960205078125,0.003244902240112424,6.771450996398926,309.09454345703125
2025-04-06 05:30:00,2.270671844482422,27.0,96.0,368.96588134765625,2959.4658203125,0.004601350519806147,2.37770414352417,308.1461181640625
2025-04-06 07:30:00,2.9266154766082764,22.0,89.0,424.82794189453125,3517.62255859375,0.004616704303771257,2.8312325477600098,309.7943115234375
2025-04-06 08:30:00,1.4084484577178955,11.0,102.0,385.2509460449219,3912.62158203125,0.004616699181497097,3.2336039543151855,310.3159484863281
2025-04-06 08:30:00,0.7050377726554871,15.0,86.0,385.2509460449219,3912.62158203125,0.004616699181497097,3.2336039543151855,310.3159484863281
2025-04-07 05:30:00,1.4422705173492432,30.0,110.0,349.32794189453125,2824.662841796875,0.0038585662841796875,1.979952335357666,309.281494140625
2025-04-07 07:30:00,2.922729969024658,24.0,94.0,397.950927734375,3342.661865234375,0.003801447106525302,2.378915309906006,311.05035400390625
2025-04-07 08:30:00,1.1711584329605103,19.0,84.0,363.3152160644531,3874.681396484375,0.003738487372174859,2.965832233428955,311.52862548828125
2025-04-08 07:30:00,2.1287567615509033,50.0,125.0,378.52587890625,3879.81103515625,0.00437850272282958,1.2495684623718262,311.2578125
2025-04-08 08:30:00,1.127004623413086,44.0,115.0,334.6217346191406,4012.792724609375,0.004349892493337393,0.9845815300941467,311.6561279296875
2025-04-08 08:30:00,1.6456868648529053,22.0,82.0,334.6217346191406,4012.792724609375,0.004349892493337393,0.9845815300941467,311.6561279296875
2025-04-10 07:30:00,2.042454719543457,19.0,116.0,449.0086669921875,4284.32958984375,0.0038934603799134493,7.430579662322998,311.0116271972656
2025-04-10 08:30:00,2.5493860244750977,13.0,104.0,404.77642822265625,4672.28662109375,0.003811461851000786,7.407361030578613,311.29010009765625
2025-04-11 05:30:00,1.1741148233413696,16.0,100.0,449.807861328125,3011.55029296875,0.004328640643507242,10.320781707763672,308.52880859375
2025-04-12 05:30:00,1.511741280555725,21.0,108.0,425.6903076171875,2297.05224609375,0.00639007706195116,5.114954948425293,306.170166015625
2025-04-13 05:30:00,1.5212082862854004,25.0,107.0,438.3610534667969,2225.919677734375,0.007397049106657505,5.106929302215576,306.69573974609375
2025-04-13 08:30:00,2.179198980331421,20.0,97.0,441.3713684082031,3371.993408203125,0.006391915492713451,6.195919990539551,309.3019714355469
2025-04-14 05:30:00,0.33990976214408875,42.0,128.0,410.543212890625,2347.916259765625,0.006374712567776442,3.762718677520752,306.9270324707031
2025-04-15 07:30:00,1.366913914680481,28.0,71.0,449.7732238769531,2886.20751953125,0.007330506108701229,2.940239906311035,308.3424072265625
2025-04-16 05:30:00,1.2701910734176636,34.0,96.0,367.4409484863281,2583.6591796875,0.007225981913506985,0.7083477973937988,306.5949401855469
2025-04-16 07:30:00,0.5799791216850281,35.0,88.0,428.0018005371094,3136.725830078125,0.007292839698493481,1.4252852201461792,308.61602783203125
2025-04-17 05:30:00,0.702086329460144,43.0,100.0,385.82080078125,3778.72314453125,0.006493648048490286,2.907014846801758,308.7321472167969
2025-04-18 07:30:00,1.750524878501892,26.0,102.0,442.7348937988281,3035.7392578125,0.005164239555597305,6.822072505950928,312.46484375
2025-04-19 05:30:00,1.3690268993377686,15.0,102.0,419.21600341796875,2528.261962890625,0.005321600008755922,5.868965148925781,310.05029296875
2025-04-19 07:30:00,1.4512147903442383,13.0,78.0,460.8277587890625,3512.255615234375,0.005291031673550606,5.357738494873047,311.46746826171875
2025-04-19 07:30:00,0.8676379323005676,13.0,70.0,460.8277587890625,3512.255615234375,0.005291031673550606,5.357738494873047,311.46746826171875
2025-04-19 08:30:00,1.1916416883468628,13.0,70.0,416.9029846191406,3916.253662109375,0.00517848739400506,5.685039520263672,311.89739990234375
2025-04-19 08:30:00,0.4357953369617462,16.0,70.0,416.9029846191406,3916.253662109375,0.00517848739400506,5.685039520263672,311.89739990234375
2025-04-20 06:30:00,1.4698926210403442,33.0,124.0,509.337890625,2656.86767578125,0.005015671718865633,7.164891242980957,308.4415588378906
2025-04-20 07:30:00,1.2693198919296265,33.0,124.0,510.16986083984375,2580.806640625,0.004836332518607378,7.923898696899414,309.54608154296875
2025-04-20 07:30:00,0.12774421274662018,24.0,114.0,510.16986083984375,2580.806640625,0.004836332518607378,7.923898696899414,309.54608154296875
2025-04-20 08:30:00,0.8288301229476929,24.0,114.0,463.088134765625,2788.824462890625,0.00452921399846673,8.62898063659668,310.39752197265625
2025-04-20 08:30:00,0.5013228058815002,18.0,103.0,463.088134765625,2788.824462890625,0.00452921399846673,8.62898063659668,310.39752197265625
2025-04-21 05:30:00,1.2304491996765137,29.0,165.0,412.3866271972656,2343.45947265625,0.0040537952445447445,4.773393154144287,308.16650390625
2025-04-21 06:30:00,1.6811779737472534,27.0,147.0,465.00030517578125,2583.4921875,0.0037944228388369083,4.8954877853393555,309.2245788574219
2025-04-21 07:30:00,0.47413408756256104,25.0,149.0,463.40191650390625,2750.49072265625,0.0035684143658727407,5.263828754425049,310.1452941894531
2025-04-21 08:30:00,0.4510509967803955,25.0,149.0,415.523681640625,2878.441650390625,0.00338528910651803,5.6904144287109375,310.83135986328125
2025-04-21 08:30:00,0.5480942130088806,24.0,130.0,415.523681640625,2878.441650390625,0.00338528910651803,5.6904144287109375,310.83135986328125
2025-04-22 05:30:00,0.723283052444458,25.0,106.0,405.1358337402344,2586.116943359375,0.00404784781858325,3.6854088306427,308.9953918457031
2025-04-22 06:30:00,0.7877805829048157,22.0,116.0,454.194580078125,2766.101318359375,0.0039124321192502975,4.009620666503906,310.0372314453125
2025-04-22 07:30:00,1.451533555984497,22.0,116.0,455.3623046875,2948.087646484375,0.0038018045015633106,4.49786376953125,310.9230651855469
2025-04-22 07:30:00,0.8215046525001526,25.0,110.0,455.3623046875,2948.087646484375,0.0038018045015633106,4.49786376953125,310.9230651855469
2025-04-22 08:30:00,0.6342940330505371,25.0,110.0,410.6982421875,3168.06982421875,0.00373026542365551,4.960887908935547,311.592041015625
2025-04-23 08:30:00,0.5426289439201355,13.0,84.0,428.4658203125,3163.740966796875,0.0020697577856481075,5.633694648742676,311.54913330078125
2025-04-24 05:30:00,0.5634148716926575,27.0,111.0,407.9468688964844,2816.54296875,0.0017781368223950267,4.994802951812744,309.56451416015625
2025-04-24 07:30:00,0.6774999499320984,15.0,61.0,459.3678894042969,3533.6767578125,0.002146864077076316,5.401768684387207,310.893310546875
2025-04-24 08:30:00,0.5559908747673035,13.0,60.0,416.008544921875,3843.693359375,0.002325287088751793,5.851894855499268,311.32733154296875
2025-04-24 08:30:00,0.4484052062034607,13.0,65.0,416.008544921875,3843.693359375,0.002325287088751793,5.851894855499268,311.32733154296875
2025-04-28 05:30:00,0.6419179439544678,36.0,101.0,363.2170715332031,3530.946533203125,0.004489484243094921,1.4834544658660889,309.2026672363281
2025-04-28 06:30:00,0.9069393873214722,30.0,114.0,414.1189880371094,3504.96484375,0.00416908273473382,1.9231165647506714,310.31317138671875
2025-04-28 07:30:00,1.3245809078216553,30.0,114.0,430.16900634765625,3975.9765625,0.0039707208052277565,2.738933801651001,311.10870361328125
2025-04-28 07:30:00,0.9765752553939819,25.0,84.0,430.16900634765625,3975.9765625,0.0039707208052277565,2.738933801651001,311.10870361328125
2025-04-29 05:30:00,0.6635447144508362,22.0,137.0,437.6358337402344,1970.8936767578125,0.005248404107987881,7.856947898864746,309.85589599609375
2025-05-01 05:30:00,0.4209081828594208,21.0,110.0,390.3581848144531,3976.43798828125,0.0050399331375956535,3.32326602935791,308.9853515625
2025-05-01 06:30:00,0.4480288326740265,21.0,110.0,418.7333679199219,3974.54541015625,0.005118692293763161,2.0993168354034424,310.3455810546875
2025-05-01 06:30:00,0.5047277212142944,19.0,107.0,418.7333679199219,3974.54541015625,0.005118692293763161,2.0993168354034424,310.3455810546875
2025-05-01 07:30:00,0.5068787932395935,19.0,107.0,405.13714599609375,3269.56103515625,0.0052371546626091,1.4752757549285889,311.4095764160156
2025-05-01 07:30:00,0.3849647045135498,18.0,103.0,405.13714599609375,3269.56103515625,0.0052371546626091,1.4752757549285889,311.4095764160156
2025-05-01 08:30:00,0.45583730936050415,18.0,103.0,373.0718078613281,3411.531005859375,0.0053440360352396965,1.806998372077942,312.16754150390625
2025-05-01 08:30:00,0.569950520992279,17.0,89.0,373.0718078613281,3411.531005859375,0.0053440360352396965,1.806998372077942,312.16754150390625
2025-05-02 05:30:00,0.7174521684646606,24.0,107.0,404.1158447265625,3566.008056640625,0.006436147727072239,3.875657558441162,309.12933349609375
2025-05-02 07:30:00,0.8785457611083984,21.0,93.0,459.4104309082031,3989.070068359375,0.0064612990245223045,5.234753131866455,310.88873291015625
2025-05-02 07:30:00,0.6384212374687195,14.0,88.0,459.4104309082031,3989.070068359375,0.0064612990245223045,5.234753131866455,310.88873291015625
2025-05-02 08:30:00,0.5481967329978943,14.0,88.0,415.0779724121094,3992.007568359375,0.006523736286908388,5.434094429016113,311.3797607421875
2025-05-02 08:30:00,0.5130140781402588,18.0,97.0,415.0779724121094,3992.007568359375,0.006523736286908388,5.434094429016113,311.3797607421875
2025-05-03 05:30:00,0.7302703261375427,32.0,152.0,337.26171875,2672.3291015625,0.0057928855530917645,3.473698854446411,309.0030822753906
2025-05-03 06:30:00,0.9113515615463257,32.0,152.0,375.33355712890625,3430.318115234375,0.005426616407930851,4.204445838928223,310.2305908203125
2025-05-03 06:30:00,0.7600650191307068,32.0,149.0,375.33355712890625,3430.318115234375,0.005426616407930851,4.204445838928223,310.2305908203125
2025-05-03 07:30:00,0.9578122496604919,32.0,149.0,394.65203857421875,3969.286865234375,0.005266309250146151,5.012352466583252,310.98382568359375
2025-05-03 08:30:00,1.1406713724136353,18.0,103.0,356.29473876953125,4195.24365234375,0.00523002166301012,5.647021293640137,311.4594421386719
2025-05-04 06:30:00,0.5011506080627441,25.0,120.0,416.0477600097656,3890.0390625,0.006536096800118685,3.5721843242645264,307.8984375
2025-05-04 06:30:00,0.9397975206375122,21.0,100.0,416.0477600097656,3890.0390625,0.006536096800118685,3.5721843242645264,307.8984375
2025-05-04 07:30:00,1.4074817895889282,19.0,92.0,398.91632080078125,3945.958984375,0.006597114261239767,4.304490566253662,308.4666748046875
2025-05-05 05:30:00,0.7540552616119385,16.0,72.0,306.8939208984375,2155.76220703125,0.008847406134009361,2.931720733642578,304.8644714355469
2025-05-05 06:30:00,1.2545045614242554,16.0,72.0,396.78558349609375,2487.777587890625,0.008664330467581749,3.5045385360717773,306.01800537109375
2025-05-05 06:30:00,1.282509684562683,17.0,91.0,396.78558349609375,2487.777587890625,0.008664330467581749,3.5045385360717773,306.01800537109375
2025-05-06 05:30:00,0.3094213008880615,12.0,54.0,368.15753173828125,2044.98193359375,0.009858658537268639,6.803106784820557,302.8077697753906
2025-05-06 06:30:00,0.870241641998291,11.0,53.0,413.0294189453125,2262.974365234375,0.010137110948562622,7.905125141143799,303.82904052734375
2025-05-06 07:30:00,1.0369842052459717,11.0,53.0,380.6632080078125,2308.944580078125,0.010354490019381046,9.012116432189941,304.2607421875
2025-05-06 07:30:00,1.0908290147781372,11.0,61.0,380.6632080078125,2308.944580078125,0.010354490019381046,9.012116432189941,304.2607421875
2025-05-11 05:30:00,1.0463279485702515,48.0,93.0,417.6619873046875,2346.404541015625,0.011072849854826927,4.58616828918457,306.701171875
2025-05-11 06:30:00,2.234968900680542,48.0,93.0,463.6010437011719,2583.40966796875,0.010866676457226276,5.160226345062256,307.7037353515625
2025-05-11 06:30:00,2.919327974319458,47.0,104.0,463.6010437011719,2583.40966796875,0.010866676457226276,5.160226345062256,307.7037353515625
2025-05-12 05:30:00,0.645395040512085,26.0,76.0,384.6662902832031,2698.607666015625,0.011303859762847424,3.5559141635894775,307.3876953125
2025-05-12 06:30:00,0.6561715602874756,26.0,76.0,418.5645446777344,2877.543701171875,0.011029146611690521,3.407609701156616,308.2877197265625
2025-05-13 05:30:00,1.171197533607483,37.0,108.0,318.8485107421875,2448.841064453125,0.01076538860797882,4.2144598960876465,308.0527648925781
2025-05-13 06:30:00,1.1028895378112793,37.0,108.0,329.4167785644531,2795.862060546875,0.010330529883503914,3.523162841796875,308.7734375
2025-05-14 05:30:00,1.0675386190414429,34.0,100.0,306.970947265625,2584.95458984375,0.011085912585258484,1.6075209379196167,307.73663330078125
2025-05-14 06:30:00,1.886273980140686,34.0,100.0,351.6977844238281,2890.948486328125,0.01083413790911436,1.4075446128845215,308.7315979003906
2025-05-14 06:30:00,1.3168320655822754,35.0,105.0,351.6977844238281,2890.948486328125,0.01083413790911436,1.4075446128845215,308.7315979003906
2025-05-17 05:30:00,0.585617184638977,29.0,93.0,380.5618591308594,2415.02294921875,0.011017248034477234,2.7740375995635986,309.7705078125
2025-05-17 06:30:00,0.6179593205451965,29.0,93.0,400.7488708496094,2764.995849609375,0.010597615502774715,2.3127853870391846,310.91375732421875
2025-05-17 06:30:00,0.9251876473426819,27.0,94.0,400.7488708496094,2764.995849609375,0.010597615502774715,2.3127853870391846,310.91375732421875
2025-05-18 06:30:00,0.8647027611732483,25.0,63.0,400.636962890625,2871.796875,0.011982251890003681,1.8542579412460327,310.59686279296875
2025-05-18 07:30:00,1.002352237701416,25.0,63.0,403.58587646484375,3106.83447265625,0.011585530824959278,2.039825439453125,311.5699768066406
2025-05-18 08:30:00,1.2483327388763428,23.0,79.0,376.9774169921875,3568.852783203125,0.011173552833497524,2.5205490589141846,312.30926513671875
2025-05-19 07:30:00,1.521733045578003,29.0,102.0,361.50860595703125,3356.718505859375,0.012478150427341461,1.0990761518478394,311.6416320800781
2025-05-21 05:30:00,1.1274608373641968,34.0,92.0,388.85076904296875,2552.30517578125,0.011612558737397194,3.672106981277466,310.0037536621094
2025-05-22 05:30:00,0.37490126490592957,20.0,67.0,409.6164855957031,3046.11328125,0.013256504200398922,5.465424537658691,307.0585632324219
2025-05-22 06:30:00,0.6337940692901611,20.0,67.0,425.32977294921875,3585.111328125,0.01290172804147005,4.625058174133301,308.1445007324219
2025-05-22 06:30:00,0.6730512380599976,22.0,64.0,425.32977294921875,3585.111328125,0.01290172804147005,4.625058174133301,308.1445007324219
2025-05-22 07:30:00,0.4914264380931854,22.0,64.0,409.32928466796875,3586.1337890625,0.012573660351336002,3.986351490020752,309.04901123046875
2025-05-22 07:30:00,0.4789060354232788,20.0,58.0,409.32928466796875,3586.1337890625,0.012573660351336002,3.986351490020752,309.04901123046875
2025-05-22 08:30:00,0.6060948371887207,20.0,58.0,366.9733581542969,3587.112060546875,0.012314259074628353,3.6509456634521484,309.7084045410156
2025-05-22 08:30:00,0.8714219927787781,15.0,58.0,366.9733581542969,3587.112060546875,0.012314259074628353,3.6509456634521484,309.7084045410156
2025-05-23 05:30:00,2.186155080795288,17.0,43.0,252.16165161132812,2306.955078125,0.01378287747502327,1.3814235925674438,306.5801086425781
2025-05-29 05:30:00,0.7016350030899048,22.0,82.0,261.2594299316406,2140.686279296875,0.014313759282231331,3.3029448986053467,306.8284912109375
2025-05-29 06:30:00,0.49288198351860046,22.0,82.0,280.4036560058594,2387.657470703125,0.013600359670817852,3.2087390422821045,307.9400634765625
2025-05-29 06:30:00,0.5085180401802063,27.0,83.0,280.4036560058594,2387.657470703125,0.013600359670817852,3.2087390422821045,307.9400634765625
2025-05-29 07:30:00,0.5675187110900879,27.0,83.0,275.7981872558594,2589.652587890625,0.012944229878485203,3.197888135910034,308.8802795410156
2025-05-29 07:30:00,0.6878967881202698,27.0,87.0,275.7981872558594,2589.652587890625,0.012944229878485203,3.197888135910034,308.8802795410156
2025-05-31 06:30:00,1.3719391822814941,30.0,143.0,333.30999755859375,2463.3994140625,0.010423911735415459,7.04137659072876,306.8521423339844
2025-05-31 06:30:00,1.3684382438659668,27.0,140.0,333.30999755859375,2463.3994140625,0.010423911735415459,7.04137659072876,306.8521423339844
2025-06-01 06:30:00,0.4009993374347687,24.0,101.0,366.6348876953125,2528.172119140625,0.011522309854626656,9.154314994812012,306.8085632324219
2025-06-01 07:30:00,0.33933988213539124,24.0,101.0,370.17822265625,2679.2099609375,0.010686966590583324,9.297807693481445,307.3150939941406
2025-06-01 07:30:00,0.32250455021858215,23.0,98.0,370.17822265625,2679.2099609375,0.010686966590583324,9.297807693481445,307.3150939941406
2025-06-01 08:30:00,0.7595797181129456,23.0,98.0,339.5367431640625,2841.228271484375,0.010160527192056179,9.52375316619873,307.6590576171875
